{
  "injection": {
    "precision": 0.9669603524229075,
    "recall": 0.36401326699834163,
    "f1": 0.5289156626506024,
    "accuracy": 0.5691460055096419,
    "avg_latency_ms": 16.78418220406797,
    "confusion_matrix": {
      "TP": 439,
      "FP": 15,
      "TN": 594,
      "FN": 767
    }
  },
  "voice_jailbreak": {
    "precision": 0.8648648648648649,
    "recall": 0.026533996683250415,
    "f1": 0.051488334674175386,
    "accuracy": 0.3504132231404959,
    "avg_latency_ms": 0.08957338863829813,
    "confusion_matrix": {
      "TP": 32,
      "FP": 5,
      "TN": 604,
      "FN": 1174
    }
  },
  "prompt_guard": {
    "precision": 1.0,
    "recall": 0.003316749585406302,
    "f1": 0.006611570247933884,
    "accuracy": 0.33774104683195594,
    "avg_latency_ms": 0.017106832050302737,
    "confusion_matrix": {
      "TP": 4,
      "FP": 0,
      "TN": 609,
      "FN": 1202
    }
  },
  "semantic": {
    "precision": 0.8431535269709544,
    "recall": 0.8424543946932007,
    "f1": 0.8428038158440482,
    "accuracy": 0.7911845730027548,
    "avg_latency_ms": 15.378735977898161,
    "confusion_matrix": {
      "TP": 1016,
      "FP": 189,
      "TN": 420,
      "FN": 190
    }
  },
  "hybrid": {
    "precision": 0.84375,
    "recall": 0.8507462686567164,
    "f1": 0.847233691164327,
    "accuracy": 0.7961432506887053,
    "avg_latency_ms": 7.113561157192317,
    "confusion_matrix": {
      "TP": 1026,
      "FP": 190,
      "TN": 419,
      "FN": 180
    }
  }
}